
USE tienda_deportesdb;

-- 1. PREPARACIÓN: Desactivar seguridad de claves para limpiar tablas
SET FOREIGN_KEY_CHECKS = 0;
SET SQL_SAFE_UPDATES = 0;

-- 2. LIMPIEZA: Borrar datos antiguos para empezar de cero (Reinicia IDs)
TRUNCATE TABLE FACT_VENTAS;
TRUNCATE TABLE DIM_PRODUCTO;
TRUNCATE TABLE DIM_CATEGORIA;
TRUNCATE TABLE DIM_TIENDA;
TRUNCATE TABLE DIM_CLIENTE;
TRUNCATE TABLE DIM_TIEMPO;

INSERT INTO DIM_CATEGORIA (categoria_id, nombre_categoria, descripcion) VALUES
(1, 'Fútbol', 'Equipamiento completo incluyendo balones, botas, espinilleras y equipaciones oficiales de clubes.'),
(2, 'Baloncesto', 'Artículos para baloncesto: zapatillas de caña alta, canastas, balones y ropa de entrenamiento.'),
(3, 'Running', 'Material especializado para corredores: zapatillas de asfalto y trail, ropa técnica y pulsómetros.'),
(4, 'Natación', 'Bañadores de competición y recreo, gafas, gorros y accesorios para entrenamiento acuático.'),
(5, 'Tenis y Pádel', 'Raquetas, palas, pelotas, overgrips y calzado específico para superficies de pista.'),
(6, 'Ciclismo', 'Bicicletas de ruta y montaña (MTB), cascos, maillots y herramientas de reparación.'),
(7, 'Fitness y Musculación', 'Pesas, mancuernas, bancos, máquinas de cardio y accesorios para gimnasio en casa.'),
(8, 'Montaña y Trekking', 'Botas de senderismo, tiendas de campaña, sacos de dormir y ropa térmica para exteriores.'),
(9, 'Deportes de Invierno', 'Esquís, tablas de snowboard, fijaciones, ropa de nieve y protecciones térmicas.'),
(10, 'Yoga y Pilates', 'Esterillas antideslizantes, bloques, correas y ropa elástica para movilidad y relajación.');

INSERT INTO DIM_PRODUCTO (producto_id, nombre, precio_actual, categoria_id, stock_actual) VALUES
-- Categoría 1: Fútbol
(1, 'Balón Oficial de Liga', 29.99, 1, 120),
(2, 'Botas de Fútbol Tacos FG', 89.95, 1, 45),
(3, 'Espinilleras Protección Pro', 15.50, 1, 80),
(4, 'Guantes de Portero Elite', 45.00, 1, 25),
(5, 'Camiseta Entrenamiento Técnica', 24.99, 1, 150),
(6, 'Medias de Fútbol Altas', 9.99, 1, 300),
(7, 'Portería Plegable Entrenamiento', 120.00, 1, 10),
(8, 'Bolsa de Deporte Grande', 35.50, 1, 60),
-- Categoría 2: Baloncesto
(9, 'Balón Basket Outdoor Grip', 19.99, 2, 90),
(10, 'Zapatillas Basket Caña Alta', 110.00, 2, 35),
(11, 'Canasta de Pared Mini', 45.90, 2, 15),
(12, 'Camiseta Tirantes Reversible', 39.99, 2, 70),
(13, 'Pantalón Corto Basket Holgado', 22.50, 2, 100),
(14, 'Muñequera Absorbente Pack', 5.00, 2, 200),
(15, 'Red Canasta Repuesto Universal', 8.50, 2, 50),
(16, 'Bomba de Aire Doble Acción', 12.95, 2, 75),
-- Categoría 3: Running
(17, 'Zapatillas Running Amortiguación', 130.00, 3, 50),
(18, 'Zapatillas Trail Todo Terreno', 145.00, 3, 40),
(19, 'Reloj GPS Runner Pro', 199.99, 3, 20),
(20, 'Camiseta Running Transpirable', 18.99, 3, 120),
(21, 'Cortavientos Ligero Reflectante', 45.00, 3, 55),
(22, 'Calcetines Running Anti-ampollas', 12.00, 3, 180),
(23, 'Cinturón Hidratación Botellas', 25.50, 3, 30),
(24, 'Gorra Running Visera', 15.00, 3, 65),
-- Categoría 4: Natación
(25, 'Bañador Competición Hombre', 35.00, 4, 60),
(26, 'Bañador Deportivo Mujer', 42.00, 4, 70),
(27, 'Gafas Natación Antivaho', 18.50, 4, 110),
(28, 'Gorro Silicona Liso', 8.00, 4, 250),
(29, 'Aletas Cortas Entrenamiento', 26.90, 4, 30),
(30, 'Palas de Mano Resistencia', 14.50, 4, 45),
(31, 'Toalla Microfibra Secado Rápido', 12.99, 4, 130),
(32, 'Tapones Oídos Ergonómicos', 6.50, 4, 95),
-- Categoría 5: Tenis y Pádel
(33, 'Raqueta Tenis Grafito Pro', 180.00, 5, 15),
(34, 'Pala Pádel Carbono Eva', 150.00, 5, 20),
(35, 'Bote Pelotas Tenis x3', 6.99, 5, 300),
(36, 'Bote Pelotas Pádel x3', 5.99, 5, 350),
(37, 'Zapatillas Tenis Pista Dura', 95.00, 5, 40),
(38, 'Overgrips Pack x3', 7.50, 5, 150),
(39, 'Bolsa Raquetero Térmica', 55.00, 5, 25),
(40, 'Cordaje Tenis Rollo', 12.00, 5, 60),
-- Categoría 6: Ciclismo
(41, 'Bicicleta Montaña MTB 29"', 450.00, 6, 8),
(42, 'Bicicleta Carretera Aluminio', 650.00, 6, 5),
(43, 'Casco Ciclismo Ruta', 65.00, 6, 40),
(44, 'Culotte con Badana Gel', 49.90, 6, 85),
(45, 'Maillot Ciclismo Verano', 39.95, 6, 90),
(46, 'Luces LED USB Delantera/Trasera', 22.00, 6, 110),
(47, 'Candado Cadena Seguridad', 18.50, 6, 70),
(48, 'Kit Reparación Pinchazos', 9.99, 6, 140),
-- Categoría 7: Fitness y Musculación
(49, 'Juego Mancuernas Neopreno 5kg', 35.00, 7, 50),
(50, 'Banco de Pesas Ajustable', 110.00, 7, 12),
(51, 'Cinta de Correr Plegable', 599.00, 7, 5),
(52, 'Barra Dominadas Puerta', 29.95, 7, 45),
(53, 'Guantes Gimnasio Acolchados', 14.99, 7, 100),
(54, 'Balón Medicinal 5kg', 32.00, 7, 20),
(55, 'Pesa Rusa Kettlebell 12kg', 42.50, 7, 25),
(56, 'Cuerda de Saltar Velocidad', 10.00, 7, 150),

-- Categoría 8: Montaña y Trekking
(57, 'Botas Trekking Impermeables', 120.00, 8, 40),
(58, 'Mochila Senderismo 40L', 55.00, 8, 35),
(59, 'Bastones Trekking Plegables', 39.99, 8, 60),
(60, 'Tienda Campaña 2 Personas', 89.90, 8, 15),
(61, 'Saco de Dormir 0 Grados', 65.00, 8, 25),
(62, 'Frontal LED 300 Lumens', 24.50, 8, 80),
(63, 'Cantimplora Acero Inoxidable', 16.00, 8, 95),
(64, 'Brújula Cartográfica', 11.50, 8, 40),
-- Categoría 9: Deportes de Invierno
(65, 'Esquís Alpinos + Fijaciones', 350.00, 9, 8),
(66, 'Tabla Snowboard Freestyle', 290.00, 9, 10),
(67, 'Casco Esquí Certificado', 55.00, 9, 30),
(68, 'Gafas Ventisca Fotocromáticas', 85.00, 9, 45),
(69, 'Chaqueta Nieve Térmica', 140.00, 9, 35),
(70, 'Guantes Esquí Impermeables', 35.00, 9, 60),
(71, 'Ropa Interior Térmica Set', 45.00, 9, 80),
(72, 'Botas Descanso Nieve', 60.00, 9, 25),
-- Categoría 10: Yoga y Pilates
(73, 'Esterilla Yoga Antideslizante', 29.99, 10, 100),
(74, 'Bloque Yoga Corcho Natural', 12.50, 10, 75),
(75, 'Cinturón Estiramientos Algodón', 9.00, 10, 90),
(76, 'Rueda Yoga Wheel', 32.00, 10, 20),
(77, 'Cojín Zafu Meditación', 38.00, 10, 30),
(78, 'Toalla Yoga Antideslizante', 19.50, 10, 65),
(79, 'Mallas Leggings Yoga', 28.00, 10, 110),
(80, 'Top Deportivo Sujeción Media', 22.00, 10, 85);

INSERT INTO DIM_TIENDA (tienda_id, ciudad, provincia, pais, tipo_tienda) VALUES
(1, 'Madrid', 'Madrid', 'España', 'Fisica'),
(2, 'Barcelona', 'Barcelona', 'España', 'Fisica'),
(3, 'Valencia', 'Valencia', 'España', 'Outlet'),
(4, 'Sevilla', 'Sevilla', 'España', 'Fisica'),
(5, 'Zaragoza', 'Zaragoza', 'España', 'Online'); -- Sede logística para venta online

INSERT INTO DIM_CLIENTE (cliente_id, nombre, apellido, email, fecha_registro) VALUES
(1, 'Juan', 'García', 'juan.garcia@email.com', '2023-01-10'),
(2, 'María', 'López', 'maria.lopez@test.com', '2023-01-12'),
(3, 'Carlos', 'Martínez', 'carlos.mtz@provider.com', '2023-01-15'),
(4, 'Ana', 'Sánchez', 'ana.sanchez@email.com', '2023-01-20'),
(5, 'Luis', 'Fernández', 'luis.fer@test.com', '2023-02-01'),
(6, 'Laura', 'Gómez', 'laura.gomez@email.com', '2023-02-05'),
(7, 'David', 'Ruiz', 'david.ruiz@provider.com', '2023-02-10'),
(8, 'Sofía', 'Díaz', 'sofia.diaz@test.com', '2023-02-14'),
(9, 'Jorge', 'Hernández', 'jorge.h@email.com', '2023-02-20'),
(10, 'Elena', 'Álvarez', 'elena.alvarez@provider.com', '2023-03-01'),
(11, 'Pablo', 'Moreno', 'pablo.moreno@email.com', '2023-03-05'),
(12, 'Lucía', 'Muñoz', 'lucia.munoz@test.com', '2023-03-10'),
(13, 'Miguel', 'Romero', 'miguel.romero@email.com', '2023-03-15'),
(14, 'Paula', 'Alonso', 'paula.alonso@provider.com', '2023-03-22'),
(15, 'Javier', 'Gutiérrez', 'javier.gutierrez@test.com', '2023-04-01'),
(16, 'Marta', 'Navarro', 'marta.navarro@email.com', '2023-04-05'),
(17, 'Antonio', 'Torres', 'antonio.torres@provider.com', '2023-04-12'),
(18, 'Carmen', 'Domínguez', 'carmen.dominguez@test.com', '2023-04-18'),
(19, 'Alejandro', 'Vázquez', 'alejandro.vazquez@email.com', '2023-04-25'),
(20, 'Raquel', 'Ramos', 'raquel.ramos@provider.com', '2023-05-01'),
(21, 'Daniel', 'Gil', 'daniel.gil@test.com', '2023-05-05'),
(22, 'Isabel', 'Ramírez', 'isabel.ramirez@email.com', '2023-05-10'),
(23, 'Francisco', 'Serrano', 'francisco.serrano@provider.com', '2023-05-15'),
(24, 'Beatriz', 'Blanco', 'beatriz.blanco@test.com', '2023-05-20'),
(25, 'Manuel', 'Molina', 'manuel.molina@email.com', '2023-06-01'),
(26, 'Rosa', 'Morales', 'rosa.morales@provider.com', '2023-06-05'),
(27, 'Pedro', 'Suárez', 'pedro.suarez@test.com', '2023-06-12'),
(28, 'Cristina', 'Ortega', 'cristina.ortega@email.com', '2023-06-18'),
(29, 'Alberto', 'Delgado', 'alberto.delgado@provider.com', '2023-06-25'),
(30, 'Lorena', 'Castro', 'lorena.castro@test.com', '2023-07-01'),
(31, 'Rubén', 'Ortiz', 'ruben.ortiz@email.com', '2023-07-08'),
(32, 'Silvia', 'Rubio', 'silvia.rubio@provider.com', '2023-07-15'),
(33, 'Diego', 'Marín', 'diego.marin@test.com', '2023-07-22'),
(34, 'Patricia', 'Sanz', 'patricia.sanz@email.com', '2023-08-01'),
(35, 'Jesús', 'Núñez', 'jesus.nunez@provider.com', '2023-08-05'),
(36, 'Natalia', 'Iglesias', 'natalia.iglesias@test.com', '2023-08-10'),
(37, 'Adrián', 'Medina', 'adrian.medina@email.com', '2023-08-15'),
(38, 'Eva', 'Garrido', 'eva.garrido@provider.com', '2023-08-20'),
(39, 'Santiago', 'Cortes', 'santiago.cortes@test.com', '2023-09-01'),
(40, 'Mónica', 'Castillo', 'monica.castillo@email.com', '2023-09-05'),
(41, 'Víctor', 'Santos', 'victor.santos@provider.com', '2023-09-12'),
(42, 'Clara', 'Lozano', 'clara.lozano@test.com', '2023-09-18'),
(43, 'Roberto', 'Guerrero', 'roberto.guerrero@email.com', '2023-09-25'),
(44, 'Marina', 'Cano', 'marina.cano@provider.com', '2023-10-01'),
(45, 'Ángel', 'Prieto', 'angel.prieto@test.com', '2023-10-06'),
(46, 'Teresa', 'Méndez', 'teresa.mendez@email.com', '2023-10-12'),
(47, 'Ricardo', 'Cruz', 'ricardo.cruz@provider.com', '2023-10-18'),
(48, 'Nuria', 'Calvo', 'nuria.calvo@test.com', '2023-10-25'),
(49, 'Fernando', 'Gallego', 'fernando.gallego@email.com', '2023-11-01'),
(50, 'Irene', 'Vidal', 'irene.vidal@provider.com', '2023-11-05'),
(51, 'Mario', 'León', 'mario.leon@test.com', '2023-11-10'),
(52, 'Sara', 'Herrera', 'sara.herrera@email.com', '2023-11-15'),
(53, 'Marcos', 'Márquez', 'marcos.marquez@provider.com', '2023-11-20'),
(54, 'Alicia', 'Peña', 'alicia.pena@test.com', '2023-12-01'),
(55, 'Hugo', 'Flores', 'hugo.flores@email.com', '2023-12-05'),
(56, 'Alba', 'Cabrera', 'alba.cabrera@provider.com', '2023-12-10'),
(57, 'Guillermo', 'Campos', 'guillermo.campos@test.com', '2023-12-15'),
(58, 'Pilar', 'Vega', 'pilar.vega@email.com', '2023-12-22'),
(59, 'Gabriel', 'Fuentes', 'gabriel.fuentes@provider.com', '2024-01-02'),
(60, 'Noelia', 'Carrasco', 'noelia.carrasco@test.com', '2024-01-08'),
(61, 'Álvaro', 'Diez', 'alvaro.diez@email.com', '2024-01-15'),
(62, 'Verónica', 'Caballero', 'veronica.caballero@provider.com', '2024-01-20'),
(63, 'Enrique', 'Reyes', 'enrique.reyes@test.com', '2024-02-01'),
(64, 'Carolina', 'Nieto', 'carolina.nieto@email.com', '2024-02-05'),
(65, 'Félix', 'Aguilar', 'felix.aguilar@provider.com', '2024-02-12'),
(66, 'Miriam', 'Pascual', 'miriam.pascual@test.com', '2024-02-18'),
(67, 'Samuel', 'Santana', 'samuel.santana@email.com', '2024-02-25'),
(68, 'Andrea', 'Herrero', 'andrea.herrero@provider.com', '2024-03-01'),
(69, 'José', 'Lorenzo', 'jose.lorenzo@test.com', '2024-03-08'),
(70, 'Victoria', 'Hidalgo', 'victoria.hidalgo@email.com', '2024-03-15'),
(71, 'Raúl', 'Montero', 'raul.montero@provider.com', '2024-03-22'),
(72, 'Julia', 'Ibáñez', 'julia.ibanez@test.com', '2024-04-01'),
(73, 'Iván', 'Giménez', 'ivan.gimenez@email.com', '2024-04-06'),
(74, 'Berta', 'Ferrer', 'berta.ferrer@provider.com', '2024-04-12'),
(75, 'Oscar', 'Duran', 'oscar.duran@test.com', '2024-04-20'),
(76, 'Celia', 'Santiago', 'celia.santiago@email.com', '2024-05-01'),
(77, 'Ramón', 'Benítez', 'ramon.benitez@provider.com', '2024-05-05'),
(78, 'Lidia', 'Vargas', 'lidia.vargas@test.com', '2024-05-10'),
(79, 'Andrés', 'Mora', 'andres.mora@email.com', '2024-05-18'),
(80, 'Sandra', 'Vicente', 'sandra.vicente@provider.com', '2024-05-25'),
(81, 'Tomás', 'Arias', 'tomas.arias@test.com', '2024-06-01'),
(82, 'Inés', 'Carmona', 'ines.carmona@email.com', '2024-06-05'),
(83, 'Gonzalo', 'Crespo', 'gonzalo.crespo@provider.com', '2024-06-12'),
(84, 'Esther', 'Román', 'esther.roman@test.com', '2024-06-18'),
(85, 'Martín', 'Pastor', 'martin.pastor@email.com', '2024-06-25'),
(86, 'Gloria', 'Soto', 'gloria.soto@provider.com', '2024-07-01'),
(87, 'Jaime', 'Sáez', 'jaime.saez@test.com', '2024-07-08'),
(88, 'Rocío', 'Velasco', 'rocio.velasco@email.com', '2024-07-15'),
(89, 'Emilio', 'Moya', 'emilio.moya@provider.com', '2024-07-22'),
(90, 'Angela', 'Soler', 'angela.soler@test.com', '2024-08-01'),
(91, 'Julio', 'Parra', 'julio.parra@email.com', '2024-08-05'),
(92, 'Olga', 'Bravo', 'olga.bravo@provider.com', '2024-08-12'),
(93, 'Alfonso', 'Gallardo', 'alfonso.gallardo@test.com', '2024-08-18'),
(94, 'Diana', 'Rojas', 'diana.rojas@email.com', '2024-08-25'),
(95, 'Ignacio', 'Pardo', 'ignacio.pardo@provider.com', '2024-09-01'),
(96, 'Yolanda', 'Merino', 'yolanda.merino@test.com', '2024-09-06'),
(97, 'César', 'Franco', 'cesar.franco@email.com', '2024-09-12'),
(98, 'Fátima', 'Espinosa', 'fatima.espinosa@provider.com', '2024-09-18'),
(99, 'Borja', 'Izquierdo', 'borja.izquierdo@test.com', '2024-09-25'),
(100, 'Xavier', 'Lara', 'xavier.lara@email.com', '2024-10-01');


INSERT INTO DIM_TIEMPO (fecha, dia, mes, anio, trimestre, es_fin_de_semana) VALUES
('2023-01-01', 1, 1, 2023, 1, 1),
('2023-01-02', 2, 1, 2023, 1, 0),
('2023-01-03', 3, 1, 2023, 1, 0),
('2023-01-04', 4, 1, 2023, 1, 0),
('2023-01-05', 5, 1, 2023, 1, 0),
('2023-01-06', 6, 1, 2023, 1, 0),
('2023-01-07', 7, 1, 2023, 1, 1),
('2023-01-08', 8, 1, 2023, 1, 1),
('2023-01-09', 9, 1, 2023, 1, 0),
('2023-01-10', 10, 1, 2023, 1, 0),
('2023-01-11', 11, 1, 2023, 1, 0),
('2023-01-12', 12, 1, 2023, 1, 0),
('2023-01-13', 13, 1, 2023, 1, 0),
('2023-01-14', 14, 1, 2023, 1, 1),
('2023-01-15', 15, 1, 2023, 1, 1),
('2023-01-16', 16, 1, 2023, 1, 0),
('2023-01-17', 17, 1, 2023, 1, 0),
('2023-01-18', 18, 1, 2023, 1, 0),
('2023-01-19', 19, 1, 2023, 1, 0),
('2023-01-20', 20, 1, 2023, 1, 0),
('2023-01-21', 21, 1, 2023, 1, 1),
('2023-01-22', 22, 1, 2023, 1, 1),
('2023-01-23', 23, 1, 2023, 1, 0),
('2023-01-24', 24, 1, 2023, 1, 0),
('2023-01-25', 25, 1, 2023, 1, 0),
('2023-01-26', 26, 1, 2023, 1, 0),
('2023-01-27', 27, 1, 2023, 1, 0),
('2023-01-28', 28, 1, 2023, 1, 1),
('2023-01-29', 29, 1, 2023, 1, 1),
('2023-01-30', 30, 1, 2023, 1, 0),
('2023-01-31', 31, 1, 2023, 1, 0),
('2023-02-01', 1, 2, 2023, 1, 0),
('2023-02-02', 2, 2, 2023, 1, 0),
('2023-02-03', 3, 2, 2023, 1, 0),
('2023-02-04', 4, 2, 2023, 1, 1),
('2023-02-05', 5, 2, 2023, 1, 1),
('2023-02-06', 6, 2, 2023, 1, 0),
('2023-02-07', 7, 2, 2023, 1, 0),
('2023-02-08', 8, 2, 2023, 1, 0),
('2023-02-09', 9, 2, 2023, 1, 0),
('2023-02-10', 10, 2, 2023, 1, 0),
('2023-02-11', 11, 2, 2023, 1, 1),
('2023-02-12', 12, 2, 2023, 1, 1),
('2023-02-13', 13, 2, 2023, 1, 0),
('2023-02-14', 14, 2, 2023, 1, 0),
('2023-02-15', 15, 2, 2023, 1, 0),
('2023-02-16', 16, 2, 2023, 1, 0),
('2023-02-17', 17, 2, 2023, 1, 0),
('2023-02-18', 18, 2, 2023, 1, 1),
('2023-02-19', 19, 2, 2023, 1, 1),
('2023-02-20', 20, 2, 2023, 1, 0),
('2023-02-21', 21, 2, 2023, 1, 0),
('2023-02-22', 22, 2, 2023, 1, 0),
('2023-02-23', 23, 2, 2023, 1, 0),
('2023-02-24', 24, 2, 2023, 1, 0),
('2023-02-25', 25, 2, 2023, 1, 1),
('2023-02-26', 26, 2, 2023, 1, 1),
('2023-02-27', 27, 2, 2023, 1, 0),
('2023-02-28', 28, 2, 2023, 1, 0),
('2023-03-01', 1, 3, 2023, 1, 0),
('2023-03-02', 2, 3, 2023, 1, 0),
('2023-03-03', 3, 3, 2023, 1, 0),
('2023-03-04', 4, 3, 2023, 1, 1),
('2023-03-05', 5, 3, 2023, 1, 1),
('2023-03-06', 6, 3, 2023, 1, 0),
('2023-03-07', 7, 3, 2023, 1, 0),
('2023-03-08', 8, 3, 2023, 1, 0),
('2023-03-09', 9, 3, 2023, 1, 0),
('2023-03-10', 10, 3, 2023, 1, 0),
('2023-03-11', 11, 3, 2023, 1, 1),
('2023-03-12', 12, 3, 2023, 1, 1),
('2023-03-13', 13, 3, 2023, 1, 0),
('2023-03-14', 14, 3, 2023, 1, 0),
('2023-03-15', 15, 3, 2023, 1, 0),
('2023-03-16', 16, 3, 2023, 1, 0),
('2023-03-17', 17, 3, 2023, 1, 0),
('2023-03-18', 18, 3, 2023, 1, 1),
('2023-03-19', 19, 3, 2023, 1, 1),
('2023-03-20', 20, 3, 2023, 1, 0),
('2023-03-21', 21, 3, 2023, 1, 0),
('2023-03-22', 22, 3, 2023, 1, 0),
('2023-03-23', 23, 3, 2023, 1, 0),
('2023-03-24', 24, 3, 2023, 1, 0),
('2023-03-25', 25, 3, 2023, 1, 1),
('2023-03-26', 26, 3, 2023, 1, 1),
('2023-03-27', 27, 3, 2023, 1, 0),
('2023-03-28', 28, 3, 2023, 1, 0),
('2023-03-29', 29, 3, 2023, 1, 0),
('2023-03-30', 30, 3, 2023, 1, 0),
('2023-03-31', 31, 3, 2023, 1, 0),
('2023-04-01', 1, 4, 2023, 2, 1),
('2023-04-02', 2, 4, 2023, 2, 1),
('2023-04-03', 3, 4, 2023, 2, 0),
('2023-04-04', 4, 4, 2023, 2, 0),
('2023-04-05', 5, 4, 2023, 2, 0),
('2023-04-06', 6, 4, 2023, 2, 0),
('2023-04-07', 7, 4, 2023, 2, 0),
('2023-04-08', 8, 4, 2023, 2, 1),
('2023-04-09', 9, 4, 2023, 2, 1),
('2023-04-10', 10, 4, 2023, 2, 0),
('2023-04-11', 11, 4, 2023, 2, 0),
('2023-04-12', 12, 4, 2023, 2, 0),
('2023-04-13', 13, 4, 2023, 2, 0),
('2023-04-14', 14, 4, 2023, 2, 0),
('2023-04-15', 15, 4, 2023, 2, 1),
('2023-04-16', 16, 4, 2023, 2, 1),
('2023-04-17', 17, 4, 2023, 2, 0),
('2023-04-18', 18, 4, 2023, 2, 0),
('2023-04-19', 19, 4, 2023, 2, 0),
('2023-04-20', 20, 4, 2023, 2, 0),
('2023-04-21', 21, 4, 2023, 2, 0),
('2023-04-22', 22, 4, 2023, 2, 1),
('2023-04-23', 23, 4, 2023, 2, 1),
('2023-04-24', 24, 4, 2023, 2, 0),
('2023-04-25', 25, 4, 2023, 2, 0),
('2023-04-26', 26, 4, 2023, 2, 0),
('2023-04-27', 27, 4, 2023, 2, 0),
('2023-04-28', 28, 4, 2023, 2, 0),
('2023-04-29', 29, 4, 2023, 2, 1),
('2023-04-30', 30, 4, 2023, 2, 1),
('2023-05-01', 1, 5, 2023, 2, 0),
('2023-05-02', 2, 5, 2023, 2, 0),
('2023-05-03', 3, 5, 2023, 2, 0),
('2023-05-04', 4, 5, 2023, 2, 0),
('2023-05-05', 5, 5, 2023, 2, 0),
('2023-05-06', 6, 5, 2023, 2, 1),
('2023-05-07', 7, 5, 2023, 2, 1),
('2023-05-08', 8, 5, 2023, 2, 0),
('2023-05-09', 9, 5, 2023, 2, 0),
('2023-05-10', 10, 5, 2023, 2, 0),
('2023-05-11', 11, 5, 2023, 2, 0),
('2023-05-12', 12, 5, 2023, 2, 0),
('2023-05-13', 13, 5, 2023, 2, 1),
('2023-05-14', 14, 5, 2023, 2, 1),
('2023-05-15', 15, 5, 2023, 2, 0),
('2023-05-16', 16, 5, 2023, 2, 0),
('2023-05-17', 17, 5, 2023, 2, 0),
('2023-05-18', 18, 5, 2023, 2, 0),
('2023-05-19', 19, 5, 2023, 2, 0),
('2023-05-20', 20, 5, 2023, 2, 1),
('2023-05-21', 21, 5, 2023, 2, 1),
('2023-05-22', 22, 5, 2023, 2, 0),
('2023-05-23', 23, 5, 2023, 2, 0),
('2023-05-24', 24, 5, 2023, 2, 0),
('2023-05-25', 25, 5, 2023, 2, 0),
('2023-05-26', 26, 5, 2023, 2, 0),
('2023-05-27', 27, 5, 2023, 2, 1),
('2023-05-28', 28, 5, 2023, 2, 1),
('2023-05-29', 29, 5, 2023, 2, 0),
('2023-05-30', 30, 5, 2023, 2, 0),
('2023-05-31', 31, 5, 2023, 2, 0),
('2023-06-01', 1, 6, 2023, 2, 0),
('2023-06-02', 2, 6, 2023, 2, 0),
('2023-06-03', 3, 6, 2023, 2, 1),
('2023-06-04', 4, 6, 2023, 2, 1),
('2023-06-05', 5, 6, 2023, 2, 0),
('2023-06-06', 6, 6, 2023, 2, 0),
('2023-06-07', 7, 6, 2023, 2, 0),
('2023-06-08', 8, 6, 2023, 2, 0),
('2023-06-09', 9, 6, 2023, 2, 0),
('2023-06-10', 10, 6, 2023, 2, 1),
('2023-06-11', 11, 6, 2023, 2, 1),
('2023-06-12', 12, 6, 2023, 2, 0),
('2023-06-13', 13, 6, 2023, 2, 0),
('2023-06-14', 14, 6, 2023, 2, 0),
('2023-06-15', 15, 6, 2023, 2, 0),
('2023-06-16', 16, 6, 2023, 2, 0),
('2023-06-17', 17, 6, 2023, 2, 1),
('2023-06-18', 18, 6, 2023, 2, 1),
('2023-06-19', 19, 6, 2023, 2, 0),
('2023-06-20', 20, 6, 2023, 2, 0),
('2023-06-21', 21, 6, 2023, 2, 0),
('2023-06-22', 22, 6, 2023, 2, 0),
('2023-06-23', 23, 6, 2023, 2, 0),
('2023-06-24', 24, 6, 2023, 2, 1),
('2023-06-25', 25, 6, 2023, 2, 1),
('2023-06-26', 26, 6, 2023, 2, 0),
('2023-06-27', 27, 6, 2023, 2, 0),
('2023-06-28', 28, 6, 2023, 2, 0),
('2023-06-29', 29, 6, 2023, 2, 0),
('2023-06-30', 30, 6, 2023, 2, 0),
('2023-07-01', 1, 7, 2023, 3, 1),
('2023-07-02', 2, 7, 2023, 3, 1),
('2023-07-03', 3, 7, 2023, 3, 0),
('2023-07-04', 4, 7, 2023, 3, 0),
('2023-07-05', 5, 7, 2023, 3, 0),
('2023-07-06', 6, 7, 2023, 3, 0),
('2023-07-07', 7, 7, 2023, 3, 0),
('2023-07-08', 8, 7, 2023, 3, 1),
('2023-07-09', 9, 7, 2023, 3, 1),
('2023-07-10', 10, 7, 2023, 3, 0),
('2023-07-11', 11, 7, 2023, 3, 0),
('2023-07-12', 12, 7, 2023, 3, 0),
('2023-07-13', 13, 7, 2023, 3, 0),
('2023-07-14', 14, 7, 2023, 3, 0),
('2023-07-15', 15, 7, 2023, 3, 1),
('2023-07-16', 16, 7, 2023, 3, 1),
('2023-07-17', 17, 7, 2023, 3, 0),
('2023-07-18', 18, 7, 2023, 3, 0),
('2023-07-19', 19, 7, 2023, 3, 0),
('2023-07-20', 20, 7, 2023, 3, 0),
('2023-07-21', 21, 7, 2023, 3, 0),
('2023-07-22', 22, 7, 2023, 3, 1),
('2023-07-23', 23, 7, 2023, 3, 1),
('2023-07-24', 24, 7, 2023, 3, 0),
('2023-07-25', 25, 7, 2023, 3, 0),
('2023-07-26', 26, 7, 2023, 3, 0),
('2023-07-27', 27, 7, 2023, 3, 0),
('2023-07-28', 28, 7, 2023, 3, 0),
('2023-07-29', 29, 7, 2023, 3, 1),
('2023-07-30', 30, 7, 2023, 3, 1),
('2023-07-31', 31, 7, 2023, 3, 0),
('2023-08-01', 1, 8, 2023, 3, 0),
('2023-08-02', 2, 8, 2023, 3, 0),
('2023-08-03', 3, 8, 2023, 3, 0),
('2023-08-04', 4, 8, 2023, 3, 0),
('2023-08-05', 5, 8, 2023, 3, 1),
('2023-08-06', 6, 8, 2023, 3, 1),
('2023-08-07', 7, 8, 2023, 3, 0),
('2023-08-08', 8, 8, 2023, 3, 0),
('2023-08-09', 9, 8, 2023, 3, 0),
('2023-08-10', 10, 8, 2023, 3, 0),
('2023-08-11', 11, 8, 2023, 3, 0),
('2023-08-12', 12, 8, 2023, 3, 1),
('2023-08-13', 13, 8, 2023, 3, 1),
('2023-08-14', 14, 8, 2023, 3, 0),
('2023-08-15', 15, 8, 2023, 3, 0),
('2023-08-16', 16, 8, 2023, 3, 0),
('2023-08-17', 17, 8, 2023, 3, 0),
('2023-08-18', 18, 8, 2023, 3, 0),
('2023-08-19', 19, 8, 2023, 3, 1),
('2023-08-20', 20, 8, 2023, 3, 1),
('2023-08-21', 21, 8, 2023, 3, 0),
('2023-08-22', 22, 8, 2023, 3, 0),
('2023-08-23', 23, 8, 2023, 3, 0),
('2023-08-24', 24, 8, 2023, 3, 0),
('2023-08-25', 25, 8, 2023, 3, 0),
('2023-08-26', 26, 8, 2023, 3, 1),
('2023-08-27', 27, 8, 2023, 3, 1),
('2023-08-28', 28, 8, 2023, 3, 0),
('2023-08-29', 29, 8, 2023, 3, 0),
('2023-08-30', 30, 8, 2023, 3, 0),
('2023-08-31', 31, 8, 2023, 3, 0),
('2023-09-01', 1, 9, 2023, 3, 0),
('2023-09-02', 2, 9, 2023, 3, 1),
('2023-09-03', 3, 9, 2023, 3, 1),
('2023-09-04', 4, 9, 2023, 3, 0),
('2023-09-05', 5, 9, 2023, 3, 0),
('2023-09-06', 6, 9, 2023, 3, 0),
('2023-09-07', 7, 9, 2023, 3, 0),
('2023-09-08', 8, 9, 2023, 3, 0),
('2023-09-09', 9, 9, 2023, 3, 1),
('2023-09-10', 10, 9, 2023, 3, 1),
('2023-09-11', 11, 9, 2023, 3, 0),
('2023-09-12', 12, 9, 2023, 3, 0),
('2023-09-13', 13, 9, 2023, 3, 0),
('2023-09-14', 14, 9, 2023, 3, 0),
('2023-09-15', 15, 9, 2023, 3, 0),
('2023-09-16', 16, 9, 2023, 3, 1),
('2023-09-17', 17, 9, 2023, 3, 1),
('2023-09-18', 18, 9, 2023, 3, 0),
('2023-09-19', 19, 9, 2023, 3, 0),
('2023-09-20', 20, 9, 2023, 3, 0),
('2023-09-21', 21, 9, 2023, 3, 0),
('2023-09-22', 22, 9, 2023, 3, 0),
('2023-09-23', 23, 9, 2023, 3, 1),
('2023-09-24', 24, 9, 2023, 3, 1),
('2023-09-25', 25, 9, 2023, 3, 0),
('2023-09-26', 26, 9, 2023, 3, 0),
('2023-09-27', 27, 9, 2023, 3, 0),
('2023-09-28', 28, 9, 2023, 3, 0),
('2023-09-29', 29, 9, 2023, 3, 0),
('2023-09-30', 30, 9, 2023, 3, 1),
('2023-10-01', 1, 10, 2023, 4, 1),
('2023-10-02', 2, 10, 2023, 4, 0),
('2023-10-03', 3, 10, 2023, 4, 0),
('2023-10-04', 4, 10, 2023, 4, 0),
('2023-10-05', 5, 10, 2023, 4, 0),
('2023-10-06', 6, 10, 2023, 4, 0),
('2023-10-07', 7, 10, 2023, 4, 1),
('2023-10-08', 8, 10, 2023, 4, 1),
('2023-10-09', 9, 10, 2023, 4, 0),
('2023-10-10', 10, 10, 2023, 4, 0),
('2023-10-11', 11, 10, 2023, 4, 0),
('2023-10-12', 12, 10, 2023, 4, 0),
('2023-10-13', 13, 10, 2023, 4, 0),
('2023-10-14', 14, 10, 2023, 4, 1),
('2023-10-15', 15, 10, 2023, 4, 1),
('2023-10-16', 16, 10, 2023, 4, 0),
('2023-10-17', 17, 10, 2023, 4, 0),
('2023-10-18', 18, 10, 2023, 4, 0),
('2023-10-19', 19, 10, 2023, 4, 0),
('2023-10-20', 20, 10, 2023, 4, 0),
('2023-10-21', 21, 10, 2023, 4, 1),
('2023-10-22', 22, 10, 2023, 4, 1),
('2023-10-23', 23, 10, 2023, 4, 0),
('2023-10-24', 24, 10, 2023, 4, 0),
('2023-10-25', 25, 10, 2023, 4, 0),
('2023-10-26', 26, 10, 2023, 4, 0),
('2023-10-27', 27, 10, 2023, 4, 0),
('2023-10-28', 28, 10, 2023, 4, 1),
('2023-10-29', 29, 10, 2023, 4, 1),
('2023-10-30', 30, 10, 2023, 4, 0),
('2023-10-31', 31, 10, 2023, 4, 0),
('2023-11-01', 1, 11, 2023, 4, 0),
('2023-11-02', 2, 11, 2023, 4, 0),
('2023-11-03', 3, 11, 2023, 4, 0),
('2023-11-04', 4, 11, 2023, 4, 1),
('2023-11-05', 5, 11, 2023, 4, 1),
('2023-11-06', 6, 11, 2023, 4, 0),
('2023-11-07', 7, 11, 2023, 4, 0),
('2023-11-08', 8, 11, 2023, 4, 0),
('2023-11-09', 9, 11, 2023, 4, 0),
('2023-11-10', 10, 11, 2023, 4, 0),
('2023-11-11', 11, 11, 2023, 4, 1),
('2023-11-12', 12, 11, 2023, 4, 1),
('2023-11-13', 13, 11, 2023, 4, 0),
('2023-11-14', 14, 11, 2023, 4, 0),
('2023-11-15', 15, 11, 2023, 4, 0),
('2023-11-16', 16, 11, 2023, 4, 0),
('2023-11-17', 17, 11, 2023, 4, 0),
('2023-11-18', 18, 11, 2023, 4, 1),
('2023-11-19', 19, 11, 2023, 4, 1),
('2023-11-20', 20, 11, 2023, 4, 0),
('2023-11-21', 21, 11, 2023, 4, 0),
('2023-11-22', 22, 11, 2023, 4, 0),
('2023-11-23', 23, 11, 2023, 4, 0),
('2023-11-24', 24, 11, 2023, 4, 0),
('2023-11-25', 25, 11, 2023, 4, 1),
('2023-11-26', 26, 11, 2023, 4, 1),
('2023-11-27', 27, 11, 2023, 4, 0),
('2023-11-28', 28, 11, 2023, 4, 0),
('2023-11-29', 29, 11, 2023, 4, 0),
('2023-11-30', 30, 11, 2023, 4, 0),
('2023-12-01', 1, 12, 2023, 4, 0),
('2023-12-02', 2, 12, 2023, 4, 1),
('2023-12-03', 3, 12, 2023, 4, 1),
('2023-12-04', 4, 12, 2023, 4, 0),
('2023-12-05', 5, 12, 2023, 4, 0),
('2023-12-06', 6, 12, 2023, 4, 0),
('2023-12-07', 7, 12, 2023, 4, 0),
('2023-12-08', 8, 12, 2023, 4, 0),
('2023-12-09', 9, 12, 2023, 4, 1),
('2023-12-10', 10, 12, 2023, 4, 1),
('2023-12-11', 11, 12, 2023, 4, 0),
('2023-12-12', 12, 12, 2023, 4, 0),
('2023-12-13', 13, 12, 2023, 4, 0),
('2023-12-14', 14, 12, 2023, 4, 0),
('2023-12-15', 15, 12, 2023, 4, 0),
('2023-12-16', 16, 12, 2023, 4, 1),
('2023-12-17', 17, 12, 2023, 4, 1),
('2023-12-18', 18, 12, 2023, 4, 0),
('2023-12-19', 19, 12, 2023, 4, 0),
('2023-12-20', 20, 12, 2023, 4, 0),
('2023-12-21', 21, 12, 2023, 4, 0),
('2023-12-22', 22, 12, 2023, 4, 0),
('2023-12-23', 23, 12, 2023, 4, 1),
('2023-12-24', 24, 12, 2023, 4, 1),
('2023-12-25', 25, 12, 2023, 4, 0),
('2023-12-26', 26, 12, 2023, 4, 0),
('2023-12-27', 27, 12, 2023, 4, 0),
('2023-12-28', 28, 12, 2023, 4, 0),
('2023-12-29', 29, 12, 2023, 4, 0),
('2023-12-30', 30, 12, 2023, 4, 1),
('2023-12-31', 31, 12, 2023, 4, 1),
('2024-01-01', 1, 1, 2024, 1, 0),
('2024-01-02', 2, 1, 2024, 1, 0),
('2024-01-03', 3, 1, 2024, 1, 0),
('2024-01-04', 4, 1, 2024, 1, 0),
('2024-01-05', 5, 1, 2024, 1, 0),
('2024-01-06', 6, 1, 2024, 1, 1),
('2024-01-07', 7, 1, 2024, 1, 1),
('2024-01-08', 8, 1, 2024, 1, 0),
('2024-01-09', 9, 1, 2024, 1, 0),
('2024-01-10', 10, 1, 2024, 1, 0),
('2024-01-11', 11, 1, 2024, 1, 0),
('2024-01-12', 12, 1, 2024, 1, 0),
('2024-01-13', 13, 1, 2024, 1, 1),
('2024-01-14', 14, 1, 2024, 1, 1),
('2024-01-15', 15, 1, 2024, 1, 0),
('2024-01-16', 16, 1, 2024, 1, 0),
('2024-01-17', 17, 1, 2024, 1, 0),
('2024-01-18', 18, 1, 2024, 1, 0),
('2024-01-19', 19, 1, 2024, 1, 0),
('2024-01-20', 20, 1, 2024, 1, 1),
('2024-01-21', 21, 1, 2024, 1, 1),
('2024-01-22', 22, 1, 2024, 1, 0),
('2024-01-23', 23, 1, 2024, 1, 0),
('2024-01-24', 24, 1, 2024, 1, 0),
('2024-01-25', 25, 1, 2024, 1, 0),
('2024-01-26', 26, 1, 2024, 1, 0),
('2024-01-27', 27, 1, 2024, 1, 1),
('2024-01-28', 28, 1, 2024, 1, 1),
('2024-01-29', 29, 1, 2024, 1, 0),
('2024-01-30', 30, 1, 2024, 1, 0),
('2024-01-31', 31, 1, 2024, 1, 0),
('2024-02-01', 1, 2, 2024, 1, 0),
('2024-02-02', 2, 2, 2024, 1, 0),
('2024-02-03', 3, 2, 2024, 1, 1),
('2024-02-04', 4, 2, 2024, 1, 1),
('2024-02-05', 5, 2, 2024, 1, 0),
('2024-02-06', 6, 2, 2024, 1, 0),
('2024-02-07', 7, 2, 2024, 1, 0),
('2024-02-08', 8, 2, 2024, 1, 0),
('2024-02-09', 9, 2, 2024, 1, 0),
('2024-02-10', 10, 2, 2024, 1, 1),
('2024-02-11', 11, 2, 2024, 1, 1),
('2024-02-12', 12, 2, 2024, 1, 0),
('2024-02-13', 13, 2, 2024, 1, 0),
('2024-02-14', 14, 2, 2024, 1, 0),
('2024-02-15', 15, 2, 2024, 1, 0),
('2024-02-16', 16, 2, 2024, 1, 0),
('2024-02-17', 17, 2, 2024, 1, 1),
('2024-02-18', 18, 2, 2024, 1, 1),
('2024-02-19', 19, 2, 2024, 1, 0),
('2024-02-20', 20, 2, 2024, 1, 0),
('2024-02-21', 21, 2, 2024, 1, 0),
('2024-02-22', 22, 2, 2024, 1, 0),
('2024-02-23', 23, 2, 2024, 1, 0),
('2024-02-24', 24, 2, 2024, 1, 1),
('2024-02-25', 25, 2, 2024, 1, 1),
('2024-02-26', 26, 2, 2024, 1, 0),
('2024-02-27', 27, 2, 2024, 1, 0),
('2024-02-28', 28, 2, 2024, 1, 0),
('2024-02-29', 29, 2, 2024, 1, 0),
('2024-03-01', 1, 3, 2024, 1, 0),
('2024-03-02', 2, 3, 2024, 1, 1),
('2024-03-03', 3, 3, 2024, 1, 1),
('2024-03-04', 4, 3, 2024, 1, 0),
('2024-03-05', 5, 3, 2024, 1, 0),
('2024-03-06', 6, 3, 2024, 1, 0),
('2024-03-07', 7, 3, 2024, 1, 0),
('2024-03-08', 8, 3, 2024, 1, 0),
('2024-03-09', 9, 3, 2024, 1, 1),
('2024-03-10', 10, 3, 2024, 1, 1),
('2024-03-11', 11, 3, 2024, 1, 0),
('2024-03-12', 12, 3, 2024, 1, 0),
('2024-03-13', 13, 3, 2024, 1, 0),
('2024-03-14', 14, 3, 2024, 1, 0),
('2024-03-15', 15, 3, 2024, 1, 0),
('2024-03-16', 16, 3, 2024, 1, 1),
('2024-03-17', 17, 3, 2024, 1, 1),
('2024-03-18', 18, 3, 2024, 1, 0),
('2024-03-19', 19, 3, 2024, 1, 0),
('2024-03-20', 20, 3, 2024, 1, 0),
('2024-03-21', 21, 3, 2024, 1, 0),
('2024-03-22', 22, 3, 2024, 1, 0),
('2024-03-23', 23, 3, 2024, 1, 1),
('2024-03-24', 24, 3, 2024, 1, 1),
('2024-03-25', 25, 3, 2024, 1, 0),
('2024-03-26', 26, 3, 2024, 1, 0),
('2024-03-27', 27, 3, 2024, 1, 0),
('2024-03-28', 28, 3, 2024, 1, 0),
('2024-03-29', 29, 3, 2024, 1, 0),
('2024-03-30', 30, 3, 2024, 1, 1),
('2024-03-31', 31, 3, 2024, 1, 1),
('2024-04-01', 1, 4, 2024, 2, 0),
('2024-04-02', 2, 4, 2024, 2, 0),
('2024-04-03', 3, 4, 2024, 2, 0),
('2024-04-04', 4, 4, 2024, 2, 0),
('2024-04-05', 5, 4, 2024, 2, 0),
('2024-04-06', 6, 4, 2024, 2, 1),
('2024-04-07', 7, 4, 2024, 2, 1),
('2024-04-08', 8, 4, 2024, 2, 0),
('2024-04-09', 9, 4, 2024, 2, 0),
('2024-04-10', 10, 4, 2024, 2, 0),
('2024-04-11', 11, 4, 2024, 2, 0),
('2024-04-12', 12, 4, 2024, 2, 0),
('2024-04-13', 13, 4, 2024, 2, 1),
('2024-04-14', 14, 4, 2024, 2, 1),
('2024-04-15', 15, 4, 2024, 2, 0),
('2024-04-16', 16, 4, 2024, 2, 0),
('2024-04-17', 17, 4, 2024, 2, 0),
('2024-04-18', 18, 4, 2024, 2, 0),
('2024-04-19', 19, 4, 2024, 2, 0),
('2024-04-20', 20, 4, 2024, 2, 1),
('2024-04-21', 21, 4, 2024, 2, 1),
('2024-04-22', 22, 4, 2024, 2, 0),
('2024-04-23', 23, 4, 2024, 2, 0),
('2024-04-24', 24, 4, 2024, 2, 0),
('2024-04-25', 25, 4, 2024, 2, 0),
('2024-04-26', 26, 4, 2024, 2, 0),
('2024-04-27', 27, 4, 2024, 2, 1),
('2024-04-28', 28, 4, 2024, 2, 1),
('2024-04-29', 29, 4, 2024, 2, 0),
('2024-04-30', 30, 4, 2024, 2, 0),
('2024-05-01', 1, 5, 2024, 2, 0),
('2024-05-02', 2, 5, 2024, 2, 0),
('2024-05-03', 3, 5, 2024, 2, 0),
('2024-05-04', 4, 5, 2024, 2, 1),
('2024-05-05', 5, 5, 2024, 2, 1),
('2024-05-06', 6, 5, 2024, 2, 0),
('2024-05-07', 7, 5, 2024, 2, 0),
('2024-05-08', 8, 5, 2024, 2, 0),
('2024-05-09', 9, 5, 2024, 2, 0),
('2024-05-10', 10, 5, 2024, 2, 0),
('2024-05-11', 11, 5, 2024, 2, 1),
('2024-05-12', 12, 5, 2024, 2, 1),
('2024-05-13', 13, 5, 2024, 2, 0),
('2024-05-14', 14, 5, 2024, 2, 0),
('2024-05-15', 15, 5, 2024, 2, 0),
('2024-05-16', 16, 5, 2024, 2, 0),
('2024-05-17', 17, 5, 2024, 2, 0),
('2024-05-18', 18, 5, 2024, 2, 1),
('2024-05-19', 19, 5, 2024, 2, 1),
('2024-05-20', 20, 5, 2024, 2, 0),
('2024-05-21', 21, 5, 2024, 2, 0),
('2024-05-22', 22, 5, 2024, 2, 0),
('2024-05-23', 23, 5, 2024, 2, 0),
('2024-05-24', 24, 5, 2024, 2, 0),
('2024-05-25', 25, 5, 2024, 2, 1),
('2024-05-26', 26, 5, 2024, 2, 1),
('2024-05-27', 27, 5, 2024, 2, 0),
('2024-05-28', 28, 5, 2024, 2, 0),
('2024-05-29', 29, 5, 2024, 2, 0),
('2024-05-30', 30, 5, 2024, 2, 0),
('2024-05-31', 31, 5, 2024, 2, 0),
('2024-06-01', 1, 6, 2024, 2, 1),
('2024-06-02', 2, 6, 2024, 2, 1),
('2024-06-03', 3, 6, 2024, 2, 0),
('2024-06-04', 4, 6, 2024, 2, 0),
('2024-06-05', 5, 6, 2024, 2, 0),
('2024-06-06', 6, 6, 2024, 2, 0),
('2024-06-07', 7, 6, 2024, 2, 0),
('2024-06-08', 8, 6, 2024, 2, 1),
('2024-06-09', 9, 6, 2024, 2, 1),
('2024-06-10', 10, 6, 2024, 2, 0),
('2024-06-11', 11, 6, 2024, 2, 0),
('2024-06-12', 12, 6, 2024, 2, 0),
('2024-06-13', 13, 6, 2024, 2, 0),
('2024-06-14', 14, 6, 2024, 2, 0),
('2024-06-15', 15, 6, 2024, 2, 1),
('2024-06-16', 16, 6, 2024, 2, 1),
('2024-06-17', 17, 6, 2024, 2, 0),
('2024-06-18', 18, 6, 2024, 2, 0),
('2024-06-19', 19, 6, 2024, 2, 0),
('2024-06-20', 20, 6, 2024, 2, 0),
('2024-06-21', 21, 6, 2024, 2, 0),
('2024-06-22', 22, 6, 2024, 2, 1),
('2024-06-23', 23, 6, 2024, 2, 1),
('2024-06-24', 24, 6, 2024, 2, 0),
('2024-06-25', 25, 6, 2024, 2, 0),
('2024-06-26', 26, 6, 2024, 2, 0),
('2024-06-27', 27, 6, 2024, 2, 0),
('2024-06-28', 28, 6, 2024, 2, 0),
('2024-06-29', 29, 6, 2024, 2, 1),
('2024-06-30', 30, 6, 2024, 2, 1),
('2024-07-01', 1, 7, 2024, 3, 0),
('2024-07-02', 2, 7, 2024, 3, 0),
('2024-07-03', 3, 7, 2024, 3, 0),
('2024-07-04', 4, 7, 2024, 3, 0),
('2024-07-05', 5, 7, 2024, 3, 0),
('2024-07-06', 6, 7, 2024, 3, 1),
('2024-07-07', 7, 7, 2024, 3, 1),
('2024-07-08', 8, 7, 2024, 3, 0),
('2024-07-09', 9, 7, 2024, 3, 0),
('2024-07-10', 10, 7, 2024, 3, 0),
('2024-07-11', 11, 7, 2024, 3, 0),
('2024-07-12', 12, 7, 2024, 3, 0),
('2024-07-13', 13, 7, 2024, 3, 1),
('2024-07-14', 14, 7, 2024, 3, 1),
('2024-07-15', 15, 7, 2024, 3, 0),
('2024-07-16', 16, 7, 2024, 3, 0),
('2024-07-17', 17, 7, 2024, 3, 0),
('2024-07-18', 18, 7, 2024, 3, 0),
('2024-07-19', 19, 7, 2024, 3, 0),
('2024-07-20', 20, 7, 2024, 3, 1),
('2024-07-21', 21, 7, 2024, 3, 1),
('2024-07-22', 22, 7, 2024, 3, 0),
('2024-07-23', 23, 7, 2024, 3, 0),
('2024-07-24', 24, 7, 2024, 3, 0),
('2024-07-25', 25, 7, 2024, 3, 0),
('2024-07-26', 26, 7, 2024, 3, 0),
('2024-07-27', 27, 7, 2024, 3, 1),
('2024-07-28', 28, 7, 2024, 3, 1),
('2024-07-29', 29, 7, 2024, 3, 0),
('2024-07-30', 30, 7, 2024, 3, 0),
('2024-07-31', 31, 7, 2024, 3, 0),
('2024-08-01', 1, 8, 2024, 3, 0),
('2024-08-02', 2, 8, 2024, 3, 0),
('2024-08-03', 3, 8, 2024, 3, 1),
('2024-08-04', 4, 8, 2024, 3, 1),
('2024-08-05', 5, 8, 2024, 3, 0),
('2024-08-06', 6, 8, 2024, 3, 0),
('2024-08-07', 7, 8, 2024, 3, 0),
('2024-08-08', 8, 8, 2024, 3, 0),
('2024-08-09', 9, 8, 2024, 3, 0),
('2024-08-10', 10, 8, 2024, 3, 1),
('2024-08-11', 11, 8, 2024, 3, 1),
('2024-08-12', 12, 8, 2024, 3, 0),
('2024-08-13', 13, 8, 2024, 3, 0),
('2024-08-14', 14, 8, 2024, 3, 0),
('2024-08-15', 15, 8, 2024, 3, 0),
('2024-08-16', 16, 8, 2024, 3, 0),
('2024-08-17', 17, 8, 2024, 3, 1),
('2024-08-18', 18, 8, 2024, 3, 1),
('2024-08-19', 19, 8, 2024, 3, 0),
('2024-08-20', 20, 8, 2024, 3, 0),
('2024-08-21', 21, 8, 2024, 3, 0),
('2024-08-22', 22, 8, 2024, 3, 0),
('2024-08-23', 23, 8, 2024, 3, 0),
('2024-08-24', 24, 8, 2024, 3, 1),
('2024-08-25', 25, 8, 2024, 3, 1),
('2024-08-26', 26, 8, 2024, 3, 0),
('2024-08-27', 27, 8, 2024, 3, 0),
('2024-08-28', 28, 8, 2024, 3, 0),
('2024-08-29', 29, 8, 2024, 3, 0),
('2024-08-30', 30, 8, 2024, 3, 0),
('2024-08-31', 31, 8, 2024, 3, 1),
('2024-09-01', 1, 9, 2024, 3, 1),
('2024-09-02', 2, 9, 2024, 3, 0),
('2024-09-03', 3, 9, 2024, 3, 0),
('2024-09-04', 4, 9, 2024, 3, 0),
('2024-09-05', 5, 9, 2024, 3, 0),
('2024-09-06', 6, 9, 2024, 3, 0),
('2024-09-07', 7, 9, 2024, 3, 1),
('2024-09-08', 8, 9, 2024, 3, 1),
('2024-09-09', 9, 9, 2024, 3, 0),
('2024-09-10', 10, 9, 2024, 3, 0),
('2024-09-11', 11, 9, 2024, 3, 0),
('2024-09-12', 12, 9, 2024, 3, 0),
('2024-09-13', 13, 9, 2024, 3, 0),
('2024-09-14', 14, 9, 2024, 3, 1),
('2024-09-15', 15, 9, 2024, 3, 1),
('2024-09-16', 16, 9, 2024, 3, 0),
('2024-09-17', 17, 9, 2024, 3, 0),
('2024-09-18', 18, 9, 2024, 3, 0),
('2024-09-19', 19, 9, 2024, 3, 0),
('2024-09-20', 20, 9, 2024, 3, 0),
('2024-09-21', 21, 9, 2024, 3, 1),
('2024-09-22', 22, 9, 2024, 3, 1),
('2024-09-23', 23, 9, 2024, 3, 0),
('2024-09-24', 24, 9, 2024, 3, 0),
('2024-09-25', 25, 9, 2024, 3, 0),
('2024-09-26', 26, 9, 2024, 3, 0),
('2024-09-27', 27, 9, 2024, 3, 0),
('2024-09-28', 28, 9, 2024, 3, 1),
('2024-09-29', 29, 9, 2024, 3, 1),
('2024-09-30', 30, 9, 2024, 3, 0),
('2024-10-01', 1, 10, 2024, 4, 0),
('2024-10-02', 2, 10, 2024, 4, 0),
('2024-10-03', 3, 10, 2024, 4, 0),
('2024-10-04', 4, 10, 2024, 4, 0),
('2024-10-05', 5, 10, 2024, 4, 1),
('2024-10-06', 6, 10, 2024, 4, 1),
('2024-10-07', 7, 10, 2024, 4, 0),
('2024-10-08', 8, 10, 2024, 4, 0),
('2024-10-09', 9, 10, 2024, 4, 0),
('2024-10-10', 10, 10, 2024, 4, 0),
('2024-10-11', 11, 10, 2024, 4, 0),
('2024-10-12', 12, 10, 2024, 4, 1),
('2024-10-13', 13, 10, 2024, 4, 1),
('2024-10-14', 14, 10, 2024, 4, 0),
('2024-10-15', 15, 10, 2024, 4, 0),
('2024-10-16', 16, 10, 2024, 4, 0),
('2024-10-17', 17, 10, 2024, 4, 0),
('2024-10-18', 18, 10, 2024, 4, 0),
('2024-10-19', 19, 10, 2024, 4, 1),
('2024-10-20', 20, 10, 2024, 4, 1),
('2024-10-21', 21, 10, 2024, 4, 0),
('2024-10-22', 22, 10, 2024, 4, 0),
('2024-10-23', 23, 10, 2024, 4, 0),
('2024-10-24', 24, 10, 2024, 4, 0),
('2024-10-25', 25, 10, 2024, 4, 0),
('2024-10-26', 26, 10, 2024, 4, 1),
('2024-10-27', 27, 10, 2024, 4, 1),
('2024-10-28', 28, 10, 2024, 4, 0),
('2024-10-29', 29, 10, 2024, 4, 0),
('2024-10-30', 30, 10, 2024, 4, 0),
('2024-10-31', 31, 10, 2024, 4, 0),
('2024-11-01', 1, 11, 2024, 4, 0),
('2024-11-02', 2, 11, 2024, 4, 1),
('2024-11-03', 3, 11, 2024, 4, 1),
('2024-11-04', 4, 11, 2024, 4, 0),
('2024-11-05', 5, 11, 2024, 4, 0),
('2024-11-06', 6, 11, 2024, 4, 0),
('2024-11-07', 7, 11, 2024, 4, 0),
('2024-11-08', 8, 11, 2024, 4, 0),
('2024-11-09', 9, 11, 2024, 4, 1),
('2024-11-10', 10, 11, 2024, 4, 1),
('2024-11-11', 11, 11, 2024, 4, 0),
('2024-11-12', 12, 11, 2024, 4, 0),
('2024-11-13', 13, 11, 2024, 4, 0),
('2024-11-14', 14, 11, 2024, 4, 0),
('2024-11-15', 15, 11, 2024, 4, 0),
('2024-11-16', 16, 11, 2024, 4, 1),
('2024-11-17', 17, 11, 2024, 4, 1),
('2024-11-18', 18, 11, 2024, 4, 0),
('2024-11-19', 19, 11, 2024, 4, 0),
('2024-11-20', 20, 11, 2024, 4, 0),
('2024-11-21', 21, 11, 2024, 4, 0),
('2024-11-22', 22, 11, 2024, 4, 0),
('2024-11-23', 23, 11, 2024, 4, 1),
('2024-11-24', 24, 11, 2024, 4, 1),
('2024-11-25', 25, 11, 2024, 4, 0),
('2024-11-26', 26, 11, 2024, 4, 0),
('2024-11-27', 27, 11, 2024, 4, 0),
('2024-11-28', 28, 11, 2024, 4, 0),
('2024-11-29', 29, 11, 2024, 4, 0),
('2024-11-30', 30, 11, 2024, 4, 1),
('2024-12-01', 1, 12, 2024, 4, 1),
('2024-12-02', 2, 12, 2024, 4, 0),
('2024-12-03', 3, 12, 2024, 4, 0),
('2024-12-04', 4, 12, 2024, 4, 0),
('2024-12-05', 5, 12, 2024, 4, 0),
('2024-12-06', 6, 12, 2024, 4, 0),
('2024-12-07', 7, 12, 2024, 4, 1),
('2024-12-08', 8, 12, 2024, 4, 1),
('2024-12-09', 9, 12, 2024, 4, 0),
('2024-12-10', 10, 12, 2024, 4, 0),
('2024-12-11', 11, 12, 2024, 4, 0),
('2024-12-12', 12, 12, 2024, 4, 0),
('2024-12-13', 13, 12, 2024, 4, 0),
('2024-12-14', 14, 12, 2024, 4, 1),
('2024-12-15', 15, 12, 2024, 4, 1),
('2024-12-16', 16, 12, 2024, 4, 0),
('2024-12-17', 17, 12, 2024, 4, 0),
('2024-12-18', 18, 12, 2024, 4, 0),
('2024-12-19', 19, 12, 2024, 4, 0),
('2024-12-20', 20, 12, 2024, 4, 0),
('2024-12-21', 21, 12, 2024, 4, 1),
('2024-12-22', 22, 12, 2024, 4, 1),
('2024-12-23', 23, 12, 2024, 4, 0),
('2024-12-24', 24, 12, 2024, 4, 0),
('2024-12-25', 25, 12, 2024, 4, 0),
('2024-12-26', 26, 12, 2024, 4, 0),
('2024-12-27', 27, 12, 2024, 4, 0),
('2024-12-28', 28, 12, 2024, 4, 1),
('2024-12-29', 29, 12, 2024, 4, 1),
('2024-12-30', 30, 12, 2024, 4, 0),
('2024-12-31', 31, 12, 2024, 4, 0);

INSERT INTO FACT_VENTAS (fecha, cliente_id, tienda_id, producto_id, cantidad, precio_unitario) VALUES
('2024-08-27', 86, 2, 22, 3, 12.0),
('2024-03-10', 55, 4, 75, 1, 9.0),
('2024-01-29', 67, 5, 10, 3, 110.0),
('2024-09-17', 96, 1, 1, 1, 29.99),
('2024-10-06', 83, 1, 75, 1, 9.0),
('2024-03-27', 41, 2, 10, 2, 110.0),
('2024-06-01', 71, 1, 10, 2, 110.0),
('2024-07-02', 7, 2, 22, 1, 12.0),
('2024-01-20', 43, 2, 10, 3, 110.0),
('2024-06-27', 10, 1, 75, 3, 9.0),
('2024-10-21', 12, 2, 41, 1, 450.0),
('2024-05-29', 60, 5, 22, 2, 12.0),
('2024-09-18', 76, 4, 22, 1, 12.0),
('2024-02-14', 63, 5, 1, 2, 29.99),
('2024-12-09', 20, 1, 22, 1, 12.0),
('2024-11-05', 2, 5, 10, 1, 110.0),
('2024-05-19', 75, 5, 75, 1, 9.0),
('2024-06-29', 85, 1, 41, 3, 450.0),
('2024-03-29', 74, 5, 1, 2, 29.99),
('2024-10-14', 12, 1, 10, 2, 110.0),
('2024-09-01', 69, 2, 1, 1, 29.99),
('2024-09-11', 80, 4, 1, 2, 29.99),
('2024-01-20', 4, 4, 41, 1, 450.0),
('2024-02-13', 58, 3, 41, 2, 450.0),
('2024-02-28', 80, 4, 22, 2, 12.0),
('2024-02-04', 88, 1, 41, 1, 450.0),
('2024-04-17', 51, 3, 10, 1, 110.0),
('2024-09-13', 79, 2, 1, 1, 29.99),
('2024-04-08', 76, 5, 75, 2, 9.0),
('2024-02-11', 89, 2, 1, 2, 29.99),
('2024-07-26', 84, 3, 10, 3, 110.0),
('2024-11-24', 99, 5, 1, 1, 29.99),
('2024-04-05', 30, 3, 41, 3, 450.0),
('2024-10-16', 22, 3, 1, 2, 29.99),
('2024-03-17', 2, 4, 22, 3, 12.0),
('2024-05-14', 66, 3, 75, 1, 9.0),
('2024-04-25', 19, 3, 22, 1, 12.0),
('2024-07-09', 35, 4, 75, 2, 9.0),
('2024-03-23', 74, 1, 75, 3, 9.0),
('2024-02-24', 93, 2, 75, 1, 9.0),
('2024-03-03', 76, 2, 10, 1, 110.0),
('2024-10-25', 10, 2, 1, 2, 29.99),
('2024-08-27', 22, 1, 41, 2, 450.0),
('2024-11-21', 68, 2, 22, 2, 12.0),
('2024-08-26', 21, 5, 75, 3, 9.0),
('2024-02-03', 87, 1, 75, 1, 9.0),
('2024-07-02', 79, 5, 41, 3, 450.0),
('2024-06-23', 41, 3, 75, 2, 9.0),
('2024-06-03', 54, 2, 22, 1, 12.0),
('2024-06-04', 21, 4, 22, 3, 12.0),
('2024-01-11', 41, 3, 41, 2, 450.0),
('2024-12-21', 4, 4, 10, 2, 110.0),
('2024-10-04', 4, 3, 10, 1, 110.0),
('2024-06-18', 7, 5, 22, 1, 12.0),
('2024-09-16', 41, 3, 41, 3, 450.0),
('2024-07-12', 61, 4, 1, 2, 29.99),
('2024-05-23', 86, 3, 41, 1, 450.0),
('2024-02-25', 68, 1, 10, 3, 110.0),
('2024-06-16', 14, 5, 1, 3, 29.99),
('2024-05-31', 40, 3, 75, 2, 9.0),
('2024-07-02', 74, 4, 22, 3, 12.0),
('2024-06-02', 36, 5, 22, 3, 12.0),
('2024-12-12', 45, 1, 10, 1, 110.0),
('2024-09-30', 29, 2, 10, 2, 110.0),
('2024-11-05', 97, 4, 41, 3, 450.0),
('2024-11-15', 91, 4, 41, 1, 450.0),
('2024-03-12', 20, 2, 41, 1, 450.0),
('2024-11-19', 6, 2, 75, 3, 9.0),
('2024-05-11', 99, 1, 41, 1, 450.0),
('2024-05-08', 11, 1, 75, 3, 9.0),
('2024-01-21', 81, 1, 10, 3, 110.0),
('2024-03-12', 97, 5, 1, 3, 29.99),
('2024-07-07', 31, 3, 1, 3, 29.99),
('2024-11-27', 32, 3, 41, 3, 450.0),
('2024-06-09', 4, 5, 10, 2, 110.0),
('2024-12-19', 28, 5, 10, 3, 110.0),
('2024-07-04', 24, 5, 75, 2, 9.0),
('2024-09-12', 61, 3, 10, 2, 110.0),
('2024-01-02', 47, 3, 22, 1, 12.0),
('2024-02-17', 49, 5, 10, 3, 110.0),
('2024-12-07', 93, 1, 75, 2, 9.0),
('2024-06-06', 97, 4, 10, 3, 110.0),
('2024-01-01', 73, 5, 10, 1, 110.0),
('2024-12-13', 86, 4, 75, 1, 9.0),
('2024-12-20', 99, 4, 41, 1, 450.0),
('2024-08-22', 58, 2, 10, 2, 110.0),
('2024-12-19', 47, 5, 22, 3, 12.0),
('2024-10-14', 16, 4, 41, 1, 450.0),
('2024-03-23', 58, 5, 75, 1, 9.0),
('2024-09-14', 61, 5, 1, 3, 29.99),
('2024-10-04', 22, 4, 1, 1, 29.99),
('2024-05-07', 87, 4, 75, 1, 9.0),
('2024-03-12', 2, 3, 10, 3, 110.0),
('2024-07-13', 14, 3, 22, 1, 12.0),
('2024-05-02', 5, 2, 10, 1, 110.0),
('2024-10-11', 87, 1, 75, 1, 9.0),
('2024-05-11', 44, 5, 41, 1, 450.0),
('2024-11-25', 81, 4, 41, 3, 450.0),
('2024-11-02', 60, 2, 10, 2, 110.0),
('2024-09-01', 21, 5, 22, 3, 12.0),
('2024-07-16', 82, 3, 75, 2, 9.0),
('2024-09-02', 83, 2, 1, 2, 29.99),
('2024-11-14', 87, 1, 75, 2, 9.0),
('2024-12-10', 36, 2, 1, 1, 29.99),
('2024-06-21', 27, 5, 75, 1, 9.0),
('2024-07-15', 84, 3, 75, 3, 9.0),
('2024-06-16', 31, 4, 10, 2, 110.0),
('2024-08-17', 21, 4, 41, 1, 450.0),
('2024-01-03', 61, 1, 10, 1, 110.0),
('2024-05-31', 12, 2, 10, 1, 110.0),
('2024-07-09', 82, 1, 75, 1, 9.0),
('2024-05-31', 47, 2, 41, 2, 450.0),
('2024-08-18', 42, 2, 22, 2, 12.0),
('2024-12-01', 93, 2, 75, 3, 9.0),
('2024-07-11', 4, 3, 75, 2, 9.0),
('2024-07-07', 66, 2, 75, 2, 9.0),
('2024-12-14', 70, 3, 75, 1, 9.0),
('2024-03-11', 58, 1, 10, 3, 110.0),
('2024-03-15', 84, 2, 41, 1, 450.0),
('2024-08-31', 58, 3, 22, 3, 12.0),
('2024-06-30', 55, 3, 22, 3, 12.0),
('2024-08-07', 15, 4, 75, 3, 9.0),
('2024-01-20', 20, 3, 1, 1, 29.99),
('2024-09-14', 27, 4, 10, 1, 110.0),
('2024-06-27', 20, 4, 1, 3, 29.99),
('2024-06-17', 42, 5, 75, 1, 9.0),
('2024-12-30', 100, 1, 1, 2, 29.99),
('2024-11-20', 36, 5, 75, 1, 9.0),
('2024-03-20', 43, 5, 1, 3, 29.99),
('2024-04-19', 70, 3, 10, 1, 110.0),
('2024-03-17', 32, 3, 1, 2, 29.99),
('2024-03-19', 98, 4, 75, 2, 9.0),
('2024-05-23', 46, 1, 75, 2, 9.0),
('2024-10-25', 44, 4, 10, 1, 110.0),
('2024-05-15', 52, 3, 75, 1, 9.0),
('2024-01-06', 8, 1, 41, 3, 450.0),
('2024-10-03', 6, 3, 10, 2, 110.0),
('2024-04-16', 35, 5, 1, 3, 29.99),
('2024-06-13', 27, 5, 22, 1, 12.0),
('2024-04-25', 52, 4, 1, 1, 29.99),
('2024-05-04', 18, 2, 75, 3, 9.0),
('2024-05-15', 54, 5, 22, 2, 12.0),
('2024-07-10', 5, 3, 22, 2, 12.0),
('2024-08-23', 68, 2, 1, 2, 29.99),
('2024-05-30', 58, 4, 41, 3, 450.0),
('2024-10-14', 71, 4, 22, 3, 12.0),
('2024-06-24', 92, 5, 10, 1, 110.0),
('2024-03-28', 61, 3, 41, 1, 450.0),
('2024-02-05', 64, 3, 75, 1, 9.0),
('2024-12-25', 66, 4, 75, 3, 9.0),
('2024-12-25', 41, 4, 22, 2, 12.0),
('2024-05-29', 81, 5, 10, 3, 110.0),
('2024-03-05', 90, 2, 22, 2, 12.0),
('2024-12-14', 25, 4, 41, 1, 450.0),
('2024-12-12', 1, 5, 1, 2, 29.99),
('2024-12-14', 33, 4, 75, 2, 9.0),
('2024-10-28', 19, 3, 1, 2, 29.99),
('2024-06-30', 78, 2, 41, 1, 450.0),
('2024-12-06', 66, 2, 75, 2, 9.0),
('2024-06-20', 96, 3, 10, 3, 110.0),
('2024-03-14', 55, 3, 1, 3, 29.99),
('2024-11-28', 54, 4, 41, 2, 450.0),
('2024-12-28', 26, 4, 41, 1, 450.0),
('2024-10-29', 6, 5, 41, 2, 450.0),
('2024-11-14', 88, 4, 22, 3, 12.0),
('2024-03-12', 34, 1, 22, 3, 12.0),
('2024-05-04', 96, 4, 1, 3, 29.99),
('2024-11-30', 9, 4, 10, 3, 110.0),
('2024-01-12', 10, 2, 1, 1, 29.99),
('2024-09-01', 48, 5, 1, 1, 29.99),
('2024-08-07', 5, 4, 10, 2, 110.0),
('2024-07-18', 57, 4, 41, 1, 450.0),
('2024-07-12', 85, 4, 1, 1, 29.99),
('2024-10-02', 12, 3, 1, 2, 29.99),
('2024-10-12', 92, 5, 75, 3, 9.0),
('2024-01-10', 69, 1, 22, 3, 12.0),
('2024-07-05', 31, 2, 10, 1, 110.0),
('2024-02-22', 99, 2, 1, 1, 29.99),
('2024-07-16', 19, 4, 75, 2, 9.0),
('2024-07-02', 14, 3, 1, 2, 29.99),
('2024-02-26', 23, 2, 41, 3, 450.0),
('2024-05-05', 84, 4, 10, 1, 110.0),
('2024-05-02', 83, 3, 41, 2, 450.0),
('2024-05-23', 34, 3, 1, 2, 29.99),
('2024-04-17', 89, 3, 22, 2, 12.0),
('2024-05-14', 51, 2, 41, 1, 450.0),
('2024-05-03', 38, 1, 10, 1, 110.0),
('2024-09-09', 12, 2, 10, 1, 110.0),
('2024-01-08', 64, 3, 22, 1, 12.0),
('2024-01-13', 15, 1, 22, 1, 12.0),
('2024-07-14', 100, 2, 1, 2, 29.99),
('2024-06-07', 88, 2, 75, 2, 9.0),
('2024-05-29', 47, 4, 75, 1, 9.0),
('2024-06-08', 38, 2, 41, 2, 450.0),
('2024-08-21', 38, 5, 75, 1, 9.0),
('2024-09-13', 47, 2, 22, 2, 12.0),
('2024-08-19', 73, 3, 22, 3, 12.0),
('2024-06-02', 19, 4, 1, 3, 29.99),
('2024-09-30', 68, 4, 22, 1, 12.0),
('2024-09-24', 39, 2, 1, 3, 29.99),
('2024-05-24', 82, 3, 22, 2, 12.0),
('2024-03-05', 7, 4, 10, 3, 110.0),
('2024-08-19', 50, 3, 22, 2, 12.0),
('2024-02-23', 41, 2, 22, 3, 12.0),
('2024-08-15', 19, 3, 22, 2, 12.0),
('2024-08-03', 21, 1, 1, 3, 29.99),
('2024-06-24', 45, 1, 1, 2, 29.99),
('2024-09-18', 45, 1, 22, 2, 12.0),
('2024-12-23', 4, 4, 1, 2, 29.99),
('2024-02-12', 60, 1, 1, 3, 29.99),
('2024-02-09', 19, 5, 41, 2, 450.0),
('2024-09-06', 99, 4, 10, 2, 110.0),
('2024-05-06', 1, 2, 41, 2, 450.0),
('2024-08-04', 67, 2, 1, 2, 29.99),
('2024-10-27', 69, 2, 10, 3, 110.0),
('2024-02-01', 35, 2, 75, 1, 9.0),
('2024-01-24', 57, 2, 22, 2, 12.0),
('2024-03-04', 36, 1, 75, 2, 9.0),
('2024-05-05', 25, 1, 41, 2, 450.0),
('2024-07-06', 70, 3, 22, 1, 12.0),
('2024-07-25', 47, 2, 75, 2, 9.0),
('2024-10-01', 96, 2, 10, 3, 110.0),
('2024-03-22', 17, 1, 22, 2, 12.0),
('2024-10-20', 73, 5, 22, 3, 12.0),
('2024-10-10', 95, 5, 22, 2, 12.0),
('2024-02-21', 60, 4, 41, 2, 450.0),
('2024-01-26', 92, 3, 1, 1, 29.99),
('2024-09-01', 93, 1, 10, 1, 110.0),
('2024-01-11', 84, 4, 1, 1, 29.99),
('2024-01-23', 82, 3, 10, 2, 110.0),
('2024-03-31', 19, 1, 1, 2, 29.99),
('2024-07-03', 10, 4, 22, 2, 12.0),
('2024-11-22', 33, 2, 22, 2, 12.0),
('2024-09-25', 5, 1, 41, 1, 450.0),
('2024-10-30', 30, 2, 41, 1, 450.0),
('2024-12-25', 23, 5, 75, 1, 9.0),
('2024-04-06', 80, 4, 75, 1, 9.0),
('2024-11-06', 7, 5, 1, 1, 29.99),
('2024-03-19', 40, 4, 41, 1, 450.0),
('2024-06-17', 3, 4, 41, 1, 450.0),
('2024-08-29', 56, 3, 75, 3, 9.0),
('2024-12-27', 58, 3, 22, 2, 12.0),
('2024-01-05', 24, 1, 75, 3, 9.0),
('2024-05-22', 57, 4, 75, 1, 9.0),
('2024-05-28', 21, 2, 10, 3, 110.0),
('2024-11-25', 13, 2, 10, 2, 110.0),
('2024-08-27', 13, 3, 22, 1, 12.0),
('2024-07-06', 62, 2, 22, 1, 12.0),
('2024-05-21', 44, 1, 75, 2, 9.0),
('2024-05-08', 51, 2, 22, 2, 12.0),
('2024-01-26', 98, 2, 41, 2, 450.0),
('2024-01-19', 29, 4, 75, 1, 9.0),
('2024-07-11', 68, 1, 1, 3, 29.99),
('2024-11-06', 70, 1, 75, 2, 9.0),
('2024-10-08', 80, 4, 1, 2, 29.99),
('2024-06-12', 25, 4, 10, 3, 110.0),
('2024-01-19', 12, 2, 10, 2, 110.0),
('2024-11-12', 91, 5, 41, 3, 450.0),
('2024-03-27', 69, 5, 75, 2, 9.0),
('2024-11-29', 10, 1, 1, 1, 29.99),
('2024-11-12', 98, 4, 75, 2, 9.0),
('2024-11-07', 5, 2, 22, 3, 12.0),
('2024-04-13', 65, 1, 10, 3, 110.0),
('2024-07-28', 99, 1, 22, 2, 12.0),
('2024-01-05', 29, 4, 10, 3, 110.0),
('2024-10-29', 99, 5, 75, 3, 9.0),
('2024-06-28', 56, 1, 22, 2, 12.0),
('2024-07-28', 35, 1, 1, 2, 29.99),
('2024-03-23', 36, 4, 41, 3, 450.0),
('2024-06-18', 31, 3, 41, 3, 450.0),
('2024-05-14', 51, 1, 41, 2, 450.0),
('2024-06-23', 14, 3, 75, 1, 9.0),
('2024-06-12', 2, 2, 10, 2, 110.0),
('2024-12-09', 75, 2, 75, 1, 9.0),
('2024-12-26', 81, 3, 75, 3, 9.0),
('2024-05-06', 22, 3, 41, 2, 450.0),
('2024-02-13', 91, 5, 75, 1, 9.0),
('2024-01-14', 25, 5, 1, 2, 29.99),
('2024-05-14', 30, 4, 41, 3, 450.0),
('2024-02-23', 94, 3, 1, 2, 29.99),
('2024-11-02', 78, 5, 22, 2, 12.0),
('2024-10-05', 81, 4, 41, 2, 450.0),
('2024-01-14', 91, 1, 41, 1, 450.0),
('2024-09-16', 23, 2, 22, 3, 12.0),
('2024-10-10', 100, 5, 10, 3, 110.0),
('2024-12-06', 53, 2, 10, 2, 110.0),
('2024-04-07', 42, 3, 41, 1, 450.0),
('2024-08-23', 76, 3, 22, 1, 12.0),
('2024-10-01', 61, 2, 10, 2, 110.0),
('2024-04-25', 35, 3, 22, 3, 12.0),
('2024-10-20', 96, 1, 22, 2, 12.0),
('2024-12-20', 56, 5, 1, 2, 29.99),
('2024-06-11', 62, 5, 22, 2, 12.0),
('2024-02-04', 88, 1, 1, 2, 29.99),
('2024-09-23', 57, 5, 22, 3, 12.0),
('2024-01-03', 67, 1, 75, 1, 9.0),
('2024-09-06', 58, 3, 1, 2, 29.99),
('2024-07-19', 37, 3, 41, 3, 450.0),
('2024-04-04', 28, 2, 22, 3, 12.0),
('2024-12-04', 58, 4, 41, 1, 450.0),
('2024-11-11', 26, 1, 10, 3, 110.0),
('2024-08-01', 45, 3, 41, 2, 450.0),
('2024-08-07', 20, 2, 75, 3, 9.0),
('2024-04-05', 13, 2, 1, 3, 29.99),
('2024-08-26', 5, 1, 75, 1, 9.0),
('2024-06-06', 61, 5, 75, 1, 9.0),
('2024-07-14', 78, 2, 1, 3, 29.99),
('2024-05-13', 13, 2, 75, 1, 9.0),
('2024-12-12', 77, 3, 75, 1, 9.0),
('2024-05-14', 28, 3, 22, 2, 12.0),
('2024-03-22', 5, 3, 1, 2, 29.99),
('2024-03-09', 10, 5, 41, 2, 450.0),
('2024-09-21', 2, 3, 22, 1, 12.0),
('2024-11-14', 52, 2, 41, 1, 450.0),
('2024-12-19', 68, 2, 41, 2, 450.0),
('2024-08-02', 87, 3, 1, 3, 29.99),
('2024-07-06', 26, 1, 10, 1, 110.0),
('2024-11-10', 2, 2, 41, 3, 450.0),
('2024-02-09', 16, 4, 75, 3, 9.0),
('2024-03-31', 48, 2, 1, 1, 29.99),
('2024-11-26', 96, 4, 10, 2, 110.0),
('2024-08-10', 52, 3, 41, 3, 450.0),
('2024-06-03', 51, 4, 1, 1, 29.99),
('2024-03-12', 87, 3, 1, 2, 29.99),
('2024-05-06', 48, 2, 75, 2, 9.0),
('2024-03-01', 17, 5, 10, 2, 110.0),
('2024-03-31', 29, 2, 22, 2, 12.0),
('2024-12-24', 87, 1, 1, 3, 29.99),
('2024-07-24', 75, 4, 41, 3, 450.0),
('2024-06-12', 83, 4, 22, 2, 12.0),
('2024-01-15', 99, 5, 41, 1, 450.0),
('2024-04-13', 41, 4, 75, 3, 9.0),
('2024-09-10', 22, 3, 22, 2, 12.0),
('2024-11-16', 12, 4, 41, 3, 450.0),
('2024-02-05', 7, 1, 1, 2, 29.99),
('2024-07-01', 41, 4, 75, 2, 9.0),
('2024-04-26', 5, 2, 10, 2, 110.0),
('2024-09-06', 67, 2, 1, 3, 29.99),
('2024-08-01', 67, 3, 41, 1, 450.0),
('2024-02-05', 27, 1, 1, 3, 29.99),
('2024-01-05', 61, 4, 41, 1, 450.0),
('2024-10-29', 69, 3, 1, 2, 29.99),
('2024-08-06', 29, 1, 22, 2, 12.0),
('2024-11-20', 3, 2, 10, 2, 110.0),
('2024-06-06', 89, 5, 75, 1, 9.0),
('2024-02-25', 66, 2, 75, 1, 9.0),
('2024-10-13', 93, 5, 10, 2, 110.0),
('2024-05-07', 10, 5, 10, 3, 110.0),
('2024-04-25', 17, 3, 75, 2, 9.0),
('2024-09-14', 40, 5, 10, 3, 110.0),
('2024-03-10', 32, 2, 22, 3, 12.0),
('2024-04-13', 19, 3, 75, 3, 9.0),
('2024-02-04', 37, 4, 41, 2, 450.0),
('2024-01-12', 57, 4, 22, 3, 12.0),
('2024-04-10', 75, 5, 41, 3, 450.0),
('2024-11-16', 62, 1, 22, 3, 12.0),
('2024-12-20', 68, 3, 41, 3, 450.0),
('2024-09-22', 93, 3, 1, 3, 29.99),
('2024-07-18', 19, 1, 10, 2, 110.0),
('2024-04-30', 92, 2, 1, 2, 29.99),
('2024-08-05', 20, 2, 10, 3, 110.0),
('2024-08-31', 30, 1, 22, 1, 12.0),
('2024-10-01', 87, 3, 22, 1, 12.0),
('2024-05-28', 13, 5, 10, 3, 110.0),
('2024-03-27', 77, 2, 10, 1, 110.0),
('2024-12-05', 91, 4, 22, 3, 12.0),
('2024-12-28', 77, 4, 75, 3, 9.0),
('2024-06-14', 65, 4, 75, 1, 9.0),
('2024-12-01', 84, 5, 10, 1, 110.0),
('2024-07-15', 84, 4, 1, 2, 29.99),
('2024-08-05', 91, 3, 22, 2, 12.0),
('2024-09-18', 9, 1, 75, 2, 9.0),
('2024-07-03', 18, 4, 41, 1, 450.0),
('2024-06-02', 44, 5, 75, 1, 9.0),
('2024-08-10', 96, 1, 75, 2, 9.0),
('2024-07-01', 47, 4, 22, 1, 12.0),
('2024-04-09', 55, 1, 10, 3, 110.0),
('2024-01-29', 68, 1, 10, 1, 110.0),
('2024-02-27', 3, 5, 22, 2, 12.0),
('2024-12-30', 73, 1, 1, 2, 29.99),
('2024-09-21', 33, 1, 1, 3, 29.99),
('2024-04-10', 59, 4, 22, 2, 12.0),
('2024-07-04', 21, 2, 41, 3, 450.0),
('2024-03-04', 100, 2, 10, 3, 110.0),
('2024-11-04', 67, 1, 75, 2, 9.0),
('2024-06-02', 31, 1, 75, 2, 9.0),
('2024-03-21', 13, 3, 41, 2, 450.0),
('2024-12-08', 48, 3, 41, 2, 450.0),
('2024-08-18', 95, 5, 22, 1, 12.0),
('2024-06-08', 19, 3, 22, 3, 12.0),
('2024-12-24', 26, 3, 75, 3, 9.0),
('2024-12-28', 68, 5, 1, 2, 29.99),
('2024-09-12', 29, 4, 75, 1, 9.0),
('2024-11-01', 75, 2, 10, 2, 110.0),
('2024-10-21', 6, 4, 10, 1, 110.0),
('2024-06-02', 32, 5, 75, 2, 9.0),
('2024-07-29', 94, 2, 75, 1, 9.0),
('2024-01-26', 51, 2, 10, 3, 110.0),
('2024-06-30', 74, 1, 10, 3, 110.0),
('2024-08-02', 61, 2, 10, 2, 110.0),
('2024-05-13', 19, 5, 75, 1, 9.0),
('2024-09-19', 93, 3, 1, 3, 29.99),
('2024-12-11', 59, 5, 1, 1, 29.99),
('2024-10-14', 18, 3, 75, 3, 9.0),
('2024-12-14', 25, 5, 75, 3, 9.0),
('2024-08-16', 75, 2, 41, 1, 450.0),
('2024-03-14', 96, 3, 1, 1, 29.99),
('2024-12-19', 4, 2, 41, 1, 450.0),
('2024-01-25', 1, 5, 75, 3, 9.0),
('2024-05-04', 34, 2, 10, 3, 110.0),
('2024-11-12', 75, 2, 10, 1, 110.0),
('2024-04-18', 88, 4, 75, 3, 9.0),
('2024-08-28', 67, 4, 22, 1, 12.0),
('2024-02-09', 14, 1, 10, 3, 110.0),
('2024-01-28', 92, 4, 10, 3, 110.0),
('2024-04-14', 92, 3, 75, 2, 9.0),
('2024-01-01', 47, 1, 41, 2, 450.0),
('2024-01-19', 16, 2, 75, 1, 9.0),
('2024-03-26', 20, 5, 75, 3, 9.0),
('2024-11-26', 41, 5, 1, 2, 29.99),
('2024-07-19', 59, 4, 1, 2, 29.99),
('2024-06-10', 64, 3, 22, 2, 12.0),
('2024-03-23', 10, 5, 75, 3, 9.0),
('2024-11-03', 80, 5, 10, 1, 110.0),
('2024-05-09', 53, 2, 1, 2, 29.99),
('2024-12-20', 96, 2, 75, 3, 9.0),
('2024-08-22', 86, 4, 10, 1, 110.0),
('2024-03-08', 30, 3, 41, 3, 450.0),
('2024-03-11', 99, 1, 10, 1, 110.0),
('2024-01-03', 22, 4, 75, 1, 9.0),
('2024-07-24', 97, 2, 75, 3, 9.0),
('2024-11-02', 100, 4, 10, 1, 110.0),
('2024-02-11', 34, 4, 10, 2, 110.0),
('2024-02-16', 80, 2, 22, 3, 12.0),
('2024-01-11', 68, 2, 22, 1, 12.0),
('2024-02-16', 62, 3, 41, 1, 450.0),
('2024-06-08', 34, 2, 75, 3, 9.0),
('2024-06-21', 18, 2, 1, 1, 29.99),
('2024-02-24', 33, 4, 10, 2, 110.0),
('2024-12-25', 18, 5, 75, 2, 9.0),
('2024-05-06', 73, 1, 10, 1, 110.0),
('2024-03-31', 2, 5, 75, 2, 9.0),
('2024-08-28', 85, 3, 10, 2, 110.0),
('2024-06-04', 21, 3, 41, 3, 450.0),
('2024-09-05', 59, 2, 1, 2, 29.99),
('2024-02-19', 76, 3, 41, 3, 450.0),
('2024-03-24', 14, 4, 10, 2, 110.0),
('2024-12-01', 71, 1, 75, 3, 9.0),
('2024-06-14', 86, 3, 10, 3, 110.0),
('2024-01-17', 17, 1, 75, 1, 9.0),
('2024-11-18', 49, 2, 22, 1, 12.0),
('2024-06-07', 8, 3, 1, 1, 29.99),
('2024-07-07', 34, 4, 75, 1, 9.0),
('2024-10-04', 100, 3, 1, 3, 29.99),
('2024-08-18', 39, 5, 1, 1, 29.99),
('2024-10-20', 35, 3, 22, 3, 12.0),
('2024-02-05', 79, 4, 10, 1, 110.0),
('2024-11-28', 99, 1, 41, 2, 450.0),
('2024-01-06', 73, 4, 22, 1, 12.0),
('2024-05-02', 64, 5, 41, 1, 450.0),
('2024-03-11', 49, 3, 41, 3, 450.0),
('2024-10-08', 88, 1, 1, 2, 29.99),
('2024-10-23', 88, 4, 10, 2, 110.0),
('2024-11-30', 6, 1, 1, 1, 29.99),
('2024-02-06', 36, 1, 75, 2, 9.0),
('2024-09-11', 8, 2, 41, 1, 450.0),
('2024-10-14', 61, 2, 1, 1, 29.99),
('2024-11-07', 63, 2, 22, 1, 12.0),
('2024-07-21', 96, 2, 22, 2, 12.0),
('2024-08-15', 65, 5, 75, 3, 9.0),
('2024-09-13', 29, 3, 22, 2, 12.0),
('2024-08-03', 18, 2, 75, 2, 9.0),
('2024-07-06', 100, 5, 10, 1, 110.0),
('2024-01-04', 42, 2, 1, 2, 29.99),
('2024-09-28', 28, 5, 10, 1, 110.0),
('2024-03-18', 18, 1, 10, 1, 110.0),
('2024-05-11', 53, 4, 22, 3, 12.0),
('2024-08-02', 37, 1, 1, 1, 29.99),
('2024-04-11', 83, 3, 41, 3, 450.0),
('2024-08-22', 62, 5, 22, 1, 12.0),
('2024-12-23', 19, 5, 10, 3, 110.0),
('2024-07-18', 55, 5, 41, 2, 450.0),
('2024-10-10', 86, 5, 10, 1, 110.0),
('2024-09-07', 79, 4, 75, 1, 9.0),
('2024-04-10', 38, 1, 75, 1, 9.0),
('2024-01-16', 48, 1, 10, 2, 110.0),
('2024-10-16', 9, 4, 10, 2, 110.0),
('2024-04-15', 21, 2, 1, 1, 29.99),
('2024-08-29', 70, 3, 75, 3, 9.0),
('2024-05-28', 32, 2, 75, 1, 9.0),
('2024-02-25', 4, 4, 22, 2, 12.0),
('2024-09-28', 46, 3, 1, 3, 29.99),
('2024-03-13', 65, 3, 1, 2, 29.99),
('2024-10-16', 14, 3, 75, 1, 9.0),
('2024-12-13', 2, 3, 41, 1, 450.0),
('2024-11-27', 90, 2, 10, 1, 110.0),
('2024-01-09', 10, 5, 41, 1, 450.0),
('2024-11-29', 84, 3, 75, 3, 9.0),
('2024-11-17', 56, 4, 10, 2, 110.0),
('2024-11-20', 21, 4, 41, 1, 450.0);



-- 4. CONFIRMACIÓN Y REACTIVACIÓN DE SEGURIDAD
SET FOREIGN_KEY_CHECKS = 1;
SET SQL_SAFE_UPDATES = 1;
COMMIT;

SELECT 'Datos cargados correctamente' AS Status;

